ID,exam_date,age,Summary_Conclusion,BMI,ALT,FBG,TG,UA,SBP
1001,2024-09-30,40,轻度脂肪肝,23,28,5.1,0.9,290,118
1001,2024-10-05,40,轻度脂肪肝,24,30,5.2,1.0,300,120
1001,2025-10-31,40,重度脂肪肝,26,70,6.0,2.0,350,130
1002,2024-10-06,50,moderate fatty liver,28,40,5.5,1.5,400,125
1003,2024-10-07,30,possible fatty liver,25,20,5.3,1.2,320,122
1004,2024-10-08,60,no evidence of fatty liver,22,15,5.0,0.8,280,115
1005,2025-11-01,45,severe fatty liver,31,75,6.1,2.4,420,135
1006,2024-10-09,17,severe fatty liver,30,70,6.0,2.0,410,133
1007,2024-10-10,45,,27,35,5.4,1.4,360,126
1008,2024-10-11,45,severe fatty liver,32,80,6.2,2.5,430,135
