Earlier_stage,Later_stage,Metric,Earlier_available_N,Later_available_N,Median_difference,CI_low_95,CI_high_95,Bootstrap_repetitions,Seed
Normal,Trend,BMI,1,1,3.0,3.0,3.0,2000,20250421
Normal,Trend,ALT,1,1,5.0,5.0,5.0,2000,20250421
Normal,Trend,FBG,1,1,0.2999999999999998,0.2999999999999998,0.2999999999999998,2000,20250421
Normal,Trend,TG,1,1,0.3999999999999999,0.3999999999999999,0.3999999999999999,2000,20250421
Normal,Trend,UA,1,1,40.0,40.0,40.0,2000,20250421
Normal,Trend,SBP,1,1,7.0,7.0,7.0,2000,20250421
Trend,Mild,BMI,1,1,-1.0,-1.0,-1.0,2000,20250421
Trend,Mild,ALT,1,1,10.0,10.0,10.0,2000,20250421
Trend,Mild,FBG,1,1,-0.09999999999999964,-0.09999999999999964,-0.09999999999999964,2000,20250421
Trend,Mild,TG,1,1,-0.19999999999999996,-0.19999999999999996,-0.19999999999999996,2000,20250421
Trend,Mild,UA,1,1,-20.0,-20.0,-20.0,2000,20250421
Trend,Mild,SBP,1,1,-2.0,-2.0,-2.0,2000,20250421
Mild,Moderate,BMI,1,1,4.0,4.0,4.0,2000,20250421
Mild,Moderate,ALT,1,1,10.0,10.0,10.0,2000,20250421
Mild,Moderate,FBG,1,1,0.2999999999999998,0.2999999999999998,0.2999999999999998,2000,20250421
Mild,Moderate,TG,1,1,0.5,0.5,0.5,2000,20250421
Mild,Moderate,UA,1,1,100.0,100.0,100.0,2000,20250421
Mild,Moderate,SBP,1,1,5.0,5.0,5.0,2000,20250421
Moderate,Severe,BMI,1,1,4.0,4.0,4.0,2000,20250421
Moderate,Severe,ALT,1,1,40.0,40.0,40.0,2000,20250421
Moderate,Severe,FBG,1,1,0.7000000000000002,0.7000000000000002,0.7000000000000002,2000,20250421
Moderate,Severe,TG,1,1,1.0,1.0,1.0,2000,20250421
Moderate,Severe,UA,1,1,30.0,30.0,30.0,2000,20250421
Moderate,Severe,SBP,1,1,10.0,10.0,10.0,2000,20250421
